<?xml version="1.0" encoding="UTF-8" ?>
<!DOCTYPE mapper PUBLIC "-//mybatis.org//DTD Mapper 3.0//EN" "http://mybatis.org/dtd/mybatis-3-mapper.dtd" >
<!-- 类型可以不用带 -->
<mapper namespace="com.kiiik.vas.base.dao.BaseDataDao" >
  	 <resultMap id="MainContract" type="com.kiiik.vas.base.vo.MainContract"/>
  	  <resultMap id="String" type="java.lang.String"/>
     <!-- 获取最新的主力合约 -->
     <select id="getNewlyMainContract" resultMap="MainContract" >
       SELECT SECUID,PRODUCT,EXCHANGE_ID EXCHANGE FROM T_VA_MAIN_CONTRACT_ANALYSIS 
      	WHERE RECORD_DATE=(SELECT MAX(RECORD_DATE) FROM T_VA_MAIN_CONTRACT_ANALYSIS )
    </select>
    <!-- 获取所有的合约信息 -->
    <select id="getAllContract" resultMap="String">
    	SELECT TRIM(INSTRUMENTID) AS CONTRACTCODE
			 FROM TB_QH_CURREXCHMARGINRATE T 
			 WHERE T.TRADINGDAY = (SELECT MAX(TRADINGDAY) FROM TB_QH_CURREXCHMARGINRATE) AND T.RATIOATTR = 1 
			AND LENGTH(TRIM(T.INSTRUMENTID)) > 2 ORDER BY INSTRUMENTID ASC
	</select>
	<!-- 获取期货公司列表 -->
	<select id="getCompanyList" resultMap="String">
		select  t.company from t_va_qh_company t  order by t.record_date desc,t.company asc
	</select>
	<!-- 根据天数倒推日期 -->
	<select  id="getDayByV" resultMap="String">
			select day
               from (select day, rownum t
                       from (select day
                               from T_VA_CALENDAR
                              where day &lt;= TO_CHAR(SYSDATE, 'YYYYMMDD')
                                and tra = 1
                              order by day desc))
              where t = #{v}
	</select>
	<!-- 查询交易日时间 从当日开始到历史n天 -->
	<select id="getTransDaysList" resultMap="String">
          select day
		  FROM (SELECT DAY
		          FROM T_VA_CALENDAR
		         WHERE TRA = 1
		           AND DAY &lt;= TO_CHAR(SYSDATE, 'YYYYMMDD')
		         ORDER BY DAY DESC)
		 WHERE ROWNUM &lt;= #{days}
     </select>
</mapper>