<?xml version="1.0" encoding="UTF-8"?>
<configuration>
    <typeAliases>
        <typeAlias alias="MyInteger"  type="java.lang.Integer" />
        <typeAlias alias="Long"  type="java.lang.Long" />
        <typeAlias alias="HashMap"  type="java.util.HashMap" />
        <typeAlias alias="LinkedHashMap"  type="java.util.LinkedHashMap" />
        <typeAlias alias="ArrayList"  type="java.util.ArrayList" />
        <typeAlias alias="LinkedList"  type="java.util.LinkedList" />
         <typeAlias alias="MyString"  type="java.lang.String" />
    </typeAliases>
     <plugins>
        <!--mybatis分页插件-->
        <plugin interceptor="com.github.pagehelper.PageHelper">
            <property name="dialect" value="mysql"/>
            <property name="offsetAsPageNum" value="false"/>
            <property name="rowBoundsWithCount" value="false"/>
            <property name="pageSizeZero" value="true"/>
            <property name="reasonable" value="false"/>
            <property name="supportMethodsArguments" value="false"/>
            <property name="returnPageInfo" value="none"/>
        </plugin>
    </plugins>
 <!--   <mappers>
    	<mapper resource="mybatis/mapping/UserMapper.xml"/>
    </mappers> -->
</configuration>