<?xml version="1.0" encoding="utf-8" ?>
<markets>
  <market name="CCFX" alias="CFFEX">
    <product code="IF" isninght="0"  multiplier="300" tick="0.2" chinesename="沪深300 " briefname="IF" englishname="StockIndex" monthregex="0,M,Q,Q" expiredate="15" yearcharcount="2"/>
    <product code="IH" isninght="0"  multiplier="300" tick="0.2" chinesename="上证50 " briefname="IH" englishname=" StockIndex2" monthregex="0,M,Q,Q" expiredate="15" yearcharcount="2"/>
    <product code="IC" isninght="0"  multiplier="200" tick="0.2" chinesename="中证500 " briefname="IC" englishname=" StockIndex2" monthregex="0,M,Q,Q" expiredate="15" yearcharcount="2"/>
    <product code="TF" isninght="0"  multiplier="10000" tick="0.005" chinesename="五年国债" briefname="五债" englishname="NationalDebt" monthregex="0,Q,Q,Q" expiredate="8" yearcharcount="2"/>
    <product code="T" isninght="0"   multiplier="10000" tick="0.005" chinesename="十年国债" briefname="十债" englishname="NationalDebtT" monthregex="0,Q,Q,Q,Q" expiredate="8" yearcharcount="2"/>
  </market>
  <market name="XSGE">
    <product code="ag" isninght="1"  endtime="0230" multiplier="15" tick="1" chinesename="白银" briefname="沪银" englishname="Silver" monthmax="12" monthregex="0,M" expiredate="15" yearcharcount="2"/>
    <product code="al" isninght="1"  endtime="0100" multiplier="5" tick="5" chinesename="铝" briefname="沪铝" englishname="Aluminum" monthmax="12" monthregex="0,M" expiredate="15" yearcharcount="2"/>
    <product code="au" isninght="1"  endtime="0230" multiplier="1000" tick="0.05" chinesename="黄金" briefname="沪金" englishname="Gold" monthmax="8" monthregex="0,M,M,D" expiredate="15" yearcharcount="2"/>
    <product code="bu" isninght="1"  endtime="0100" multiplier="10" tick="2" chinesename="沥青" briefname="沥青" englishname="Asphalt" monthmax="12" monthregex="0,M,M,M,M,M,Q" expiredate="15" yearcharcount="2"/>
    <product code="cu" isninght="1"  endtime="0100" multiplier="5" tick="10" chinesename="铜" briefname="沪铜" englishname="Copper" monthmax="12" monthregex="0,M" expiredate="15" yearcharcount="2"/>
    <product code="fu" isninght="0"  multiplier="50" tick="1" chinesename="燃油" briefname="燃油" englishname="FuelOil" monthmax="12" monthregex="0,M" expiredate="1" yearcharcount="2"/>
    <product code="pb" isninght="1"  endtime="0100" multiplier="5" tick="5" chinesename="铅" briefname="沪铅" englishname="Lead" monthmax="12" monthregex="0,M" expiredate="15" yearcharcount="2"/>
    <product code="rb" isninght="1"  endtime="0100" multiplier="10" tick="1" chinesename="螺纹" briefname="螺纹" englishname="SteelBar" monthmax="12" monthregex="0,M" expiredate="15" yearcharcount="2"/>
    <product code="ru" isninght="1"  endtime="2300" multiplier="10" tick="5" chinesename="橡胶" briefname="橡胶" englishname="NativeRubber" monthmax="12" monthregex="0,M" excludemonth="2,12" expiredate="15" yearcharcount="2"/>
    <product code="wr" isninght="0"  multiplier="10" tick="1" chinesename="线材" briefname="线材" englishname="Wire" monthmax="12" monthregex="0,M" expiredate="15" yearcharcount="2"/>
    <product code="zn" isninght="1"  endtime="0100" multiplier="5" tick="5" chinesename="锌" briefname="沪锌" englishname="Zinc" monthmax="12" monthregex="0,M" expiredate="15" yearcharcount="2"/>
    <product code="hc" isninght="1"  endtime="0100" multiplier="10" tick="1" chinesename="热轧板" briefname="热卷" englishname="hot rolled coils" monthmax="12" monthregex="0,M" expiredate="15" yearcharcount="2"/>
    <product code="ni" isninght="1"  endtime="0100" multiplier="1" tick="10" chinesename="镍" briefname="沪镍" englishname="Nickel" monthmax="12" monthregex="0,M" expiredate="15" yearcharcount="2"/>
    <product code="sn" isninght="1"  endtime="0100" multiplier="1" tick="10" chinesename="锡" briefname="沪锡" englishname="Tin" monthmax="12" monthregex="0,M" expiredate="15" yearcharcount="2"/>
  </market>
  <market name="XDCE" alias="DCE">
	<product code="a" isninght="1"  endtime="2330" multiplier="10" tick="1" chinesename="豆一" briefname="豆一" englishname="Soybean1" monthmax="9" monthregex="0S,S" expiredate="12" yearcharcount="2"/>
	<product code="b" isninght="1"  endtime="2330" multiplier="10" tick="1" chinesename="豆二" briefname="豆二" englishname="Soybean2" monthmax="6" monthregex="0S,S" expiredate="12" yearcharcount="2"/>
    <product code="c" isninght="0"  multiplier="10" tick="1" chinesename="玉米" briefname="玉米" englishname="Corn" monthmax="6" monthregex="0S,S" expiredate="12" yearcharcount="2"/>
    <product code="m" isninght="1"  endtime="2330" multiplier="10" tick="1" chinesename="豆粕" briefname="豆粕" englishname="BeanDregs" monthmax="12" monthregex="0,M" expiredate="12" excludemonth="2,4,6,10" yearcharcount="2"/>
	<product code="y" isninght="1"  endtime="2330" multiplier="10" tick="2" chinesename="豆油" briefname="豆油" englishname="BeanOil" monthmax="12" monthregex="0,M" expiredate="12" excludemonth="2,4,6,10" yearcharcount="2"/>
	<product code="p" isninght="1"  endtime="2330" multiplier="10" tick="2" chinesename="棕榈油" briefname="棕榈" englishname="PalmOil" monthmax="12" monthregex="0,M" expiredate="12" yearcharcount="2"/>
	<product code="l" isninght="0"  multiplier="5" tick="5" chinesename="聚乙烯" briefname="塑料" englishname="PE" monthmax="12" monthregex="0,M" expiredate="12" yearcharcount="2"/>
	<product code="v" isninght="0"  multiplier="5" tick="5" chinesename="PVC" briefname="PVC" englishname="PVC" monthmax="12" monthregex="0,M" expiredate="12" yearcharcount="2"/>
	<product code="j" isninght="1"  endtime="2330" multiplier="100" tick="0.5" chinesename="焦炭" briefname="焦炭" englishname="Coke" monthmax="12" monthregex="0,M" expiredate="12" yearcharcount="2"/>
	<product code="jm" isninght="1" endtime="2330" multiplier="60" tick="0.5" chinesename="焦煤" briefname="焦煤" englishname="Coal" monthmax="12" monthregex="0,M" expiredate="12" yearcharcount="2"/>
	<product code="i" isninght="1"  endtime="2330" multiplier="100" tick="0.5" chinesename="铁矿石" briefname="铁矿" englishname="IronOre" monthmax="12" monthregex="0,M" expiredate="12" yearcharcount="2"/>
	<product code="jd" isninght="0"  multiplier="10" tick="1" chinesename="鸡蛋" briefname="鸡蛋" englishname="FreshEggs" monthmax="12" monthregex="0,M" expiredate="12" yearcharcount="2"/>
	<product code="bb" isninght="0"  multiplier="500" tick="0.05" chinesename="胶合板" briefname="胶板" englishname="GluedBoard" monthmax="12" monthregex="0,M" expiredate="12" yearcharcount="2"/>
	<product code="fb" isninght="0"  multiplier="500" tick="0.05" chinesename="纤维板" briefname="纤板" englishname="BeaverBoard" monthmax="12" monthregex="0,M" expiredate="12" yearcharcount="2"/>
    <product code="pp" isninght="0"  multiplier="5" tick="1" chinesename="聚丙烯" briefname="PP" englishname="Polypropylene" monthmax="12" monthregex="0,M" expiredate="12" yearcharcount="2"/>
	<product code="cs" isninght="0"  multiplier="10" tick="1" chinesename="玉米淀粉" briefname="淀粉" englishname="Cornflour" monthmax="6" monthregex="0S,S" expiredate="10" yearcharcount="2"/>
  </market>
  <market name="XZCE" alias="CZCE">
	<product code="CF" isninght="1"  endtime="2330" multiplier="5" tick="5" chinesename="棉花" briefname="郑棉" englishname="Cotton" monthmax="6" monthregex="0S,S" expiredate="12" yearcharcount="1"/>
	<product code="FG" isninght="1"  endtime="2330" multiplier="20" tick="1" chinesename="玻璃" briefname="玻璃" englishname="PlateGlass" monthmax="12" monthregex="0,M" expiredate="12" yearcharcount="1"/>
	<product code="MA" isninght="1"  endtime="2330" multiplier="10" tick="1" chinesename="甲醇" briefname="郑醇" englishname="Methanol" monthmax="12" monthregex="0,M" expiredate="12" yearcharcount="1"/>
	<product code="OI" isninght="1"  endtime="2330" multiplier="10" tick="2" chinesename="菜籽油" briefname="郑油" englishname="RapOil" monthmax="6" monthregex="0S,S" expiredate="12" yearcharcount="1"/>
	<product code="PM" isninght="0"  multiplier="50" tick="1" chinesename="普麦" briefname="普麦" englishname="Wheat" monthmax="6" monthregex="0S,S" expiredate="12" yearcharcount="1"/>
	<product code="RI" isninght="0"  multiplier="20" tick="1" chinesename="早籼稻" briefname="早稻" englishname="EarlyRice" monthmax="6" monthregex="0S,S" expiredate="12" yearcharcount="1"/>
	<product code="RM" isninght="1"  endtime="2330" multiplier="10" tick="1" chinesename="菜粕" briefname="菜粕" englishname="RapeSeedDregs" monthmax="12" monthregex="0,M" excludemonth="2,4,6,10,12" expiredate="12" yearcharcount="1"/>
	<product code="RS" isninght="0"  multiplier="10" tick="1" chinesename="菜籽" briefname="菜籽" englishname="RapeSeed" monthmax="12" monthregex="0,M" excludemonth="1,2,3,4,5,6,10,12" expiredate="12" yearcharcount="1"/>
	<product code="SF" isninght="0"  multiplier="5" tick="2" chinesename="硅铁" briefname="硅铁" englishname="Silicoiron" monthmax="12" monthregex="0,M" expiredate="12" yearcharcount="1"/>
	<product code="SM" isninght="0"  multiplier="5" tick="2" chinesename="锰硅" briefname="锰硅" englishname="Silicomanganese" monthmax="12" monthregex="0,M" expiredate="12" yearcharcount="1"/>
	<product code="SR" isninght="1"  endtime="2330" multiplier="10" tick="1" chinesename="白糖" briefname="白糖" englishname="WhiteSugar" monthmax="9" monthregex="0S,S" expiredate="12" yearcharcount="1"/>
	<product code="TA" isninght="1"  endtime="2330" multiplier="5" tick="2" chinesename="PTA" briefname="PTA" englishname="PTA" monthmax="12" monthregex="0,M" expiredate="12" yearcharcount="1"/>
	<product code="TC" isninght="1"  endtime="2330" multiplier="100" tick="0.2" chinesename="动力煤" briefname="动煤" englishname="SteamCoal" monthmax="12" monthregex="0,M" expiredate="5" yearcharcount="1"/>
	<product code="ZC" isninght="1"  endtime="2330" multiplier="100" tick="0.2" chinesename="郑煤" briefname="郑煤" englishname="SteamCoal" monthmax="12" monthregex="0,M" expiredate="5" yearcharcount="1"/>
	<product code="WH" isninght="0"  multiplier="20" tick="1" chinesename="强麦" briefname="郑麦" englishname="HighGlutenWheat" monthmax="6" monthregex="0S,S" expiredate="12" yearcharcount="1"/>
	<product code="JR" isninght="0"  multiplier="20" tick="1" chinesename="粳稻" briefname="粳稻" englishname="Wheat" monthmax="6" monthregex="0S,S" expiredate="12" yearcharcount="1"/>
	<product code="LR" isninght="0"  multiplier="20" tick="1" chinesename="晚籼稻" briefname="晚稻" englishname="LaterRice" monthmax="6" monthregex="0S,S" expiredate="12" yearcharcount="1"/>
    <product code="CY" isninght="0"  multiplier="5" tick="5" chinesename="棉纱" briefname="棉纱" englishname="CottonYarn" monthmax="12" monthregex="0,M" expiredate="15" yearcharcount="1"/>
	<product code="AP" isninght="0"  multiplier="10" tick="1" chinesename="苹果" briefname="苹果" englishname="Apple" monthmax="12" monthregex="0,M" expiredate="12" yearcharcount="1"/>
  </market>
    <market name="INE" alias="INE">
	<product code="SC" isninght="0" multiplier="1000" tick="0.1" chinesename="原油" briefname="原油" englishname="SC" monthmax="12" monthregex="0,M" expiredate="12" yearcharcount="2"/>
  </market>
</markets>